{
  "levels": {
    "cableways_1.json": {
      "x": 365,
      "y": -6
    },
    "disposal_1.json": {
      "x": -277.3333333333333,
      "y": -103.99999999999994
    },
    "disposal_2.json": {
      "x": -32.126984126984325,
      "y": -186.03174603174602
    },
    "disposal_3.json": {
      "x": -33.04761904761904,
      "y": -378.42857142857156
    },
    "disposal_4.json": {
      "x": 100.28571428571428,
      "y": -182.1428571428571
    },
    "disposal_5.json": {
      "x": 224.14285714285722,
      "y": -90.57142857142856
    },
    "disposal_6.json": {
      "x": -163.57142857142856,
      "y": -381
    },
    "disposal_7.json": {
      "x": 270.5238095238095,
      "y": -284.44444444444446
    },
    "disposal_8.json": {
      "x": 289.9999999999999,
      "y": 152.71428571428572
    },
    "lab_1.json": {
      "x": -525,
      "y": -385.4444444444444
    },
    "long_fall.json": {
      "x": -545.2857142857143,
      "y": -186.71428571428572
    }
  }
}
