{
  "levels": {
    "cableways_1.json": {
      "x": 195.17142857142852,
      "y": -221.3904761904763
    },
    "cableways_2.json": {
      "x": 279.85714285714283,
      "y": -299.42857142857144
    },
    "cableways_4.json": {
      "x": 244,
      "y": -374.66666666666663
    },
    "cableways_8.json": {
      "x": -168.48571428571438,
      "y": -124.89523809523808
    },
    "disposal_1.json": {
      "x": -636.7619047619048,
      "y": -171.28571428571428
    },
    "disposal_10.json": {
      "x": -623,
      "y": -90
    },
    "disposal_2.json": {
      "x": -508.84126984127,
      "y": -170.1746031746032
    },
    "disposal_3.json": {
      "x": -459.6190476190477,
      "y": -249.28571428571445
    },
    "disposal_4.json": {
      "x": -391.1428571428573,
      "y": -169.4285714285714
    },
    "disposal_5.json": {
      "x": -259.0952380952382,
      "y": -161.28571428571422
    },
    "disposal_6.json": {
      "x": -505.1428571428571,
      "y": -347
    },
    "disposal_7.json": {
      "x": -251.52380952380963,
      "y": -377.06349206349205
    },
    "disposal_8.json": {
      "x": -186.08917748917764,
      "y": -15.978354978355071
    },
    "disposal_9.json": {
      "x": -547,
      "y": -13
    },
    "lab_1.json": {
      "x": -788.1428571428571,
      "y": -267.30158730158723
    },
    "long_fall.json": {
      "x": -790.6857142857143,
      "y": -190.91428571428577
    },
    "market_inside.json": {
      "x": -640,
      "y": -263.09090909090907
    }
  }
}
