{
  "levels": {
    "cableways_1.json": {
      "x": 195.17142857142852,
      "y": -221.3904761904763
    },
    "cableways_2.json": {
      "x": 284.85714285714283,
      "y": -348.42857142857144
    },
    "cableways_8.json": {
      "x": -168.48571428571438,
      "y": -124.89523809523808
    },
    "disposal_1.json": {
      "x": -506.76190476190476,
      "y": -180.28571428571428
    },
    "disposal_2.json": {
      "x": -405.84126984127,
      "y": -219.1746031746032
    },
    "disposal_3.json": {
      "x": -365.6190476190477,
      "y": -297.28571428571445
    },
    "disposal_4.json": {
      "x": -327.1428571428573,
      "y": -216.4285714285714
    },
    "disposal_5.json": {
      "x": -251.0952380952382,
      "y": -168.28571428571422
    },
    "disposal_6.json": {
      "x": -440.1428571428571,
      "y": -317
    },
    "disposal_7.json": {
      "x": -204.52380952380963,
      "y": -384.06349206349205
    },
    "disposal_8.json": {
      "x": -228.3619047619049,
      "y": -22.523809523809575
    },
    "lab_1.json": {
      "x": -666.1428571428571,
      "y": -257.30158730158723
    },
    "long_fall.json": {
      "x": -660.6857142857143,
      "y": -183.91428571428577
    }
  }
}
