{
  "levels": {
    "cableways_1.json": {
      "x": 741.4571428571429,
      "y": -171.10476190476197
    },
    "cableways_8.json": {
      "x": 369.79999999999995,
      "y": -153.46666666666675
    },
    "disposal_1.json": {
      "x": -287.3333333333333,
      "y": -97.99999999999994
    },
    "disposal_2.json": {
      "x": -32.126984126984325,
      "y": -186.03174603174602
    },
    "disposal_3.json": {
      "x": -33.04761904761904,
      "y": -378.42857142857156
    },
    "disposal_4.json": {
      "x": 100.28571428571428,
      "y": -182.1428571428571
    },
    "disposal_5.json": {
      "x": 233.47619047619048,
      "y": -146.57142857142856
    },
    "disposal_6.json": {
      "x": -163.57142857142856,
      "y": -381
    },
    "disposal_7.json": {
      "x": 273.19047619047615,
      "y": -333.77777777777777
    },
    "disposal_8.json": {
      "x": 231.06666666666655,
      "y": 118.04761904761898
    },
    "lab_1.json": {
      "x": -649,
      "y": -394.4444444444444
    },
    "long_fall.json": {
      "x": -660.6857142857143,
      "y": -183.91428571428577
    },
    "player_test.json": {
      "x": 10.666666666666657,
      "y": 153.33333333333337
    }
  }
}
